ean,description,price,collection_date,establishment,cidade,cnpj,bairro,uf,city_code,state_code
7896004713274,AAS,"R$ 53,96",2025-03-10 07:40:47,FARMACIAS MULTI POPULAR,Salvador,8821782000131,BOCA DO RIO,BA,2927408,29
7899547508765,CICLOBENZAPRINA,"R$ 32,97",2025-03-10 07:41:17,FARMACIA PRECO POPULAR,Salvador,40541021000139,BARRIS,BA,2927408,29
7898919865192,CILOSTAZOL,"R$ 48,99",2025-03-10 07:41:59,FARMACIA PAGUE MENOS,Salvador,6626253014454,BARRA,BA,2927408,29
7898172862549,CINARIZINA,"R$ 1,10",2025-03-10 07:42:06,PLUSPHARMA,Salvador,3669239000147,GRANJAS RURAIS PRESIDENTE VARGAS,BA,2927408,29
7898560661570,CIPROFIBRATO,"R$ 65,00",2025-03-10 07:42:37,DROGARIAS ULTRA POPULAR,Salvador,37826966000516,JARDIM APIPEMA,BA,2910800,29
7898560661570,CIPROFIBRATO,"R$ 65,00",2025-03-10 07:42:41,DROGARIAS ULTRA POPULAR,Salvador,37826966000516,JARDIM APIPEMA,BA,2927408,29
7896321017666,CIPROFLOXACINO,"R$ 59,50",2025-03-10 07:43:14,RAIA DROGASIL S/A,Salvador,61585865057188,PITUBA,BA,2910800,29
7898172862549,CINARIZINA,"R$ 1,10",2025-03-10 07:44:31,PLUSPHARMA,Salvador,3669239000147,GRANJAS RURAIS PRESIDENTE VARGAS,BA,2910800,29
7896321017666,CIPROFLOXACINO,"R$ 59,50",2025-03-10 07:44:31,RAIA DROGASIL S/A,Salvador,61585865057188,PITUBA,BA,2927408,29
7891142202833,CITALOPRAM,"R$ 26,05",2025-03-10 07:44:46,FARMACIAS PAGUE MENOS DRUGSTORE,Salvador,6626253058400,BOCA DO RIO,BA,2927408,29
7891142202833,CITALOPRAM,"R$ 26,05",2025-03-10 07:46:23,FARMACIAS PAGUE MENOS DRUGSTORE,Salvador,6626253058400,BOCA DO RIO,BA,2910800,29
7908007901166,CLINDAMICINA,"R$ 49,98",2025-03-10 07:46:24,FARMACIA PRECO POPULAR,Salvador,40541021000139,BARRIS,BA,2927408,29
7898593050075,CLARITROMICINA,"R$ 68,29",2025-03-10 07:46:27,FARMASAUDE,Salvador,17380013000136,VALERIA,BA,2927408,29
7908007901166,CLINDAMICINA,"R$ 49,98",2025-03-10 07:46:37,FARMACIA PRECO POPULAR,Salvador,40541021000139,BARRIS,BA,2910800,29
7896006213093,CLOMIPRAMINA,"R$ 8,83",2025-03-10 07:47:48,FARMACIA PRECO POPULAR,Salvador,44403915000466,CAMINHO DE AREIA,BA,2927408,29
7896006213093,CLOMIPRAMINA,"R$ 8,83",2025-03-10 07:47:53,FARMACIA PRECO POPULAR,Salvador,44403915000466,CAMINHO DE AREIA,BA,2910800,29
7891317129958,CLONAZEPAM,"R$ 245,68",2025-03-10 07:48:07,FARMACIAS PAGUE MENOS,Salvador,6626253062858,PITUBA,BA,2910800,29
7891317129958,CLONAZEPAM,"R$ 245,68",2025-03-10 07:48:07,FARMACIAS PAGUE MENOS,Salvador,6626253062858,PITUBA,BA,2927408,29
8903855076072,CLOPIDOGREL,"R$ 264,22",2025-03-10 07:48:16,RAIA DROGASIL S/A,N/A,61585865107207,N/A,N/A,2927408,29
7895144603063,CLOSTEBOL,"R$ 2,29",2025-03-10 07:49:37,MERCADO MINE PRECO,Salvador,35049916000110,BAIXA DE QUINTAS,BA,2910800,29
7895144603063,CLOSTEBOL,"R$ 2,29",2025-03-10 07:50:00,MERCADO MINE PRECO,Salvador,35049916000110,BAIXA DE QUINTAS,BA,2927408,29
7896241248287,COLECALCIFEROL,"R$ 19,75",2025-03-10 07:50:29,FARMACIA ENGENHO,Salvador,13677740000290,ENGENHO VELHO DA FEDERACAO,BA,2910800,29
7896641800085,DAPAGLIFLOZINA,"R$ 38,59",2025-03-10 07:51:14,FARMACIA PAGUE MENOS,Salvador,6626253016155,CANELA,BA,2927408,29
7896641800085,DAPAGLIFLOZINA,"R$ 38,59",2025-03-10 07:51:29,FARMACIA PAGUE MENOS,Salvador,6626253016155,CANELA,BA,2910800,29
7891317001926,CANDESARTANA,"R$ 8,46",2025-03-10 07:51:39,RAIA DROGASIL SA,Salvador,61585865275681,PAU DA LIMA,BA,2927408,29
7891317001926,CANDESARTANA,"R$ 8,46",2025-03-10 07:51:41,RAIA DROGASIL SA,Salvador,61585865275681,PAU DA LIMA,BA,2910800,29
7896112401247,CAPTOPRIL,"R$ 17,99",2025-03-10 07:51:58,RAIA DROGASIL S/A,Salvador,61585865116966,BARRA,BA,2927408,29
7896112401247,CAPTOPRIL,"R$ 17,99",2025-03-10 07:52:14,RAIA DROGASIL S/A,Salvador,61585865116966,BARRA,BA,2910800,29
7898927980375,CARBOCISTEINA,"R$ 39,99",2025-03-10 07:53:18,DROGARIA ULTRA POPULAR,Salvador,27805865001404,PLATAFORMA,BA,2910800,29
7898927980375,CARBOCISTEINA,"R$ 39,99",2025-03-10 07:53:20,DROGARIA ULTRA POPULAR,Salvador,27805865001404,PLATAFORMA,BA,2927408,29
8000500126288,CARBAMAZEPINA,"R$ 5,39",2025-03-10 07:53:43,FARMACIA PAGUE MENOS,Salvador,6626253097481,RIO VERMELHO,BA,2927408,29
8000500126288,CARBAMAZEPINA,"R$ 5,39",2025-03-10 07:53:55,FARMACIA PAGUE MENOS,Salvador,6626253097481,RIO VERMELHO,BA,2910800,29
618341625495,CARVEDILOL,"R$ 103,84",2025-03-10 07:55:45,RAIA DROGASIL S/A,Salvador,61585865350306,SABOEIRO,BA,2927408,29
7898687730289,CEFADROXILA,"R$ 21,25",2025-03-10 07:55:55,FARMACIA PAGUE MENOS,Salvador,6626253097481,RIO VERMELHO,BA,2910800,29
7898687730289,CEFADROXILA,"R$ 21,25",2025-03-10 07:55:57,FARMACIA PAGUE MENOS,Salvador,6626253097481,RIO VERMELHO,BA,2927408,29
618341625495,CARVEDILOL,"R$ 103,84",2025-03-10 07:55:58,RAIA DROGASIL S/A,Salvador,61585865350306,SABOEIRO,BA,2910800,29
7897947601185,CEFTRIAXONA,"R$ 23,05",2025-03-10 07:57:08,DROGARIA E FARMACIA ZERO HORA,Salvador,3613918000102,CAJAZEIRAS VIII,BA,2927408,29
7898040325466,CELECOXIBE,"R$ 112,98",2025-03-10 07:57:41,RAIA DROGASIL S/A,Salvador,61585865104526,CAMINHO DAS ARVORES,BA,2910800,29
7897947601185,CEFTRIAXONA,"R$ 23,05",2025-03-10 07:57:43,DROGARIA E FARMACIA ZERO HORA,Salvador,3613918000102,CAJAZEIRAS VIII,BA,2910800,29
7898040325466,CELECOXIBE,"R$ 112,98",2025-03-10 07:57:53,RAIA DROGASIL S/A,Salvador,61585865104526,CAMINHO DAS ARVORES,BA,2927408,29
7894650005712,CETOROLACO,"R$ 13,12",2025-03-10 07:59:26,BOMPRECO,Salvador,97422620007910,CAMINHO DAS ARVORES,BA,2927408,29
7894650005712,CETOROLACO,"R$ 13,12",2025-03-10 07:59:48,BOMPRECO,Salvador,97422620007910,CAMINHO DAS ARVORES,BA,2910800,29
7891106908641,CETOTIFENO,"R$ 50,00",2025-03-10 08:00:36,FARMACIA VERA CRUZ,Vera Cruz,10016119000106,MAR GRANDE/ CENTRO,BA,2927408,29
7891106908641,CETOTIFENO,"R$ 50,00",2025-03-10 08:00:37,FARMACIA VERA CRUZ,Vera Cruz,10016119000106,MAR GRANDE/ CENTRO,BA,2910800,29
7898213880242,DESOGESTREL,"R$ 5,86",2025-03-10 08:01:09,FARMACIA ZERO HORA,Salvador,3613918000790,CABULA VI,BA,2910800,29
7898213880242,DESOGESTREL,"R$ 5,86",2025-03-10 08:01:35,FARMACIA ZERO HORA,N/A,3613918000790,N/A,N/A,2927408,29
7896862970567,DESVENLAFAXINA,"R$ 2,50",2025-03-10 08:02:00,FARMACIAS PRECO POPULAR,Salvador,44403915000202,CAJAZEIRAS VIII,BA,2927408,29
7891142115492,DEXAMETASONA,"R$ 15,24",2025-03-10 08:03:08,RAIA DROGASIL S/A,Salvador,61585865159428,GRACA,BA,2927408,29
7896862970567,DESVENLAFAXINA,"R$ 2,50",2025-03-10 08:03:20,FARMACIAS PRECO POPULAR,Salvador,44403915000202,CAJAZEIRAS VIII,BA,2910800,29
7891142115492,DEXAMETASONA,"R$ 15,24",2025-03-10 08:04:00,RAIA DROGASIL S/A,Salvador,61585865159428,GRACA,BA,2910800,29
7702018072392,DIGOXINA,"R$ 10,59",2025-03-10 08:07:00,ATACADAO CENTRO SUL,Salvador,3927907000199,CALCADA,BA,2927408,29
7702018072392,DIGOXINA,"R$ 10,59",2025-03-10 08:07:17,ATACADAO CENTRO SUL,Salvador,3927907000199,CALCADA,BA,2910800,29
7896422500500,DILTIAZEM,"R$ 17,73",2025-03-10 08:07:46,FARMACIA PAGUE MENOS,Salvador,6626253111654,BOCA DO RIO,BA,2927408,29
8902220114814,DIVALPROATO,"R$ 23,99",2025-03-10 08:09:12,FARMACIA PRECO POPULAR,Salvador,40541021000139,BARRIS,BA,2927408,29
8902220114814,DIVALPROATO,"R$ 23,99",2025-03-10 08:09:41,FARMACIA PRECO POPULAR,Salvador,40541021000139,BARRIS,BA,2910800,29
7896422500500,DILTIAZEM,"R$ 17,73",2025-03-10 08:09:45,FARMACIA PAGUE MENOS,Salvador,6626253111654,BOCA DO RIO,BA,2910800,29
7897460401293,DOMPERIDONA,"R$ 83,24",2025-03-10 08:09:47,FARMACIA PAGUE MENOS,Salvador,6626253111220,BARRA,BA,2927408,29
7896714214399,DONEPEZILA,"R$ 27,99",2025-03-10 08:10:44,FARMACIA PAGUE MENOS,Salvador,6626253111220,BARRA,BA,2927408,29
7896714214399,DONEPEZILA,"R$ 27,99",2025-03-10 08:11:25,FARMACIA PAGUE MENOS,Salvador,6626253111220,BARRA,BA,2910800,29
7891317000530,DORZOLAMIDA,"R$ 46,38",2025-03-10 08:11:27,RAIA DROGASIL S/A,Salvador,61585865162640,CANELA,BA,2927408,29
7896112107460,DOXAZOSINA,"R$ 65,49",2025-03-10 08:12:10,RAIA DROGASIL S/A,Salvador,61585865259139,SAO CAETANO,BA,2910800,29
7891317000530,DORZOLAMIDA,"R$ 46,38",2025-03-10 08:12:28,RAIA DROGASIL S/A,Salvador,61585865162640,CANELA,BA,2910800,29
7896112107460,DOXAZOSINA,"R$ 65,49",2025-03-10 08:12:43,RAIA DROGASIL S/A,Salvador,61585865259139,SAO CAETANO,BA,2927408,29
7897595608161,DROPROPIZINA,"R$ 9,35",2025-03-10 08:13:48,RAIA DROGASIL S/A,Salvador,61585865227105,IMBUI,BA,2910800,29
7897595608161,DROPROPIZINA,"R$ 9,35",2025-03-10 08:14:01,RAIA DROGASIL S/A,Salvador,61585865227105,IMBUI,BA,2927408,29
7896770980979,DROSPIRERONA,"R$ 26,90",2025-03-10 08:14:31,FARMACIAS PRECO POPULAR,Salvador,40541021000309,BARRIS,BA,2927408,29
7898569765514,DULOXETINA,"R$ 13,99",2025-03-10 08:15:06,FARMACIA ULTRA ECONOMICA,Salvador,13207048004104,PITUBA,BA,2910800,29
7898569765514,DULOXETINA,"R$ 13,99",2025-03-10 08:15:20,FARMACIA ULTRA ECONOMICA,Salvador,13207048004104,PITUBA,BA,2927408,29
7896770980979,DROSPIRERONA,"R$ 26,90",2025-03-10 08:15:24,FARMACIAS PRECO POPULAR,Salvador,40541021000309,BARRIS,BA,2910800,29
7896255767033,ESCITALOPRAM,"R$ 226,16",2025-03-10 08:17:12,FARMACIAS PAGUE MENOS,Salvador,6626253062858,PITUBA,BA,2927408,29
7896255767033,ESCITALOPRAM,"R$ 226,16",2025-03-10 08:17:41,FARMACIAS PAGUE MENOS,Salvador,6626253062858,PITUBA,BA,2910800,29
7899620913066,ESPIRONOLACTONA,"R$ 18,75",2025-03-10 08:18:29,FARMACIAS SUPER PRECOS,Salvador,47810752000343,BARREIRAS,BA,2927408,29
7899620913066,ESPIRONOLACTONA,"R$ 18,75",2025-03-10 08:18:58,FARMACIAS SUPER PRECOS,Salvador,47810752000343,BARREIRAS,BA,2910800,29
7896523207834,ETINILESTRADIOL,"R$ 5,99",2025-03-10 08:19:41,FARMACIA ULTRA ECONOMICA,Salvador,13207048001008,BROTAS,BA,2927408,29
7896523207834,ETINILESTRADIOL,"R$ 5,99",2025-03-10 08:20:06,FARMACIA ULTRA ECONOMICA,Salvador,13207048001008,BROTAS,BA,2910800,29
7896012880531,EZETIMIBA,"R$ 18,98",2025-03-10 08:21:24,DROGARIAS ULTRA POPULAR,Salvador,11142002000301,CAMINHO DE AREIA,BA,2927408,29
7896012880531,EZETIMIBA,"R$ 18,98",2025-03-10 08:22:07,DROGARIAS ULTRA POPULAR,Salvador,11142002000301,CAMINHO DE AREIA,BA,2910800,29
7891721015007,FEXOFENADINA,"R$ 42,83",2025-03-10 08:25:30,RAIA DROGASIL S/A,Salvador,61585865188100,PITUBA,BA,2927408,29
7891721015007,FEXOFENADINA,"R$ 42,83",2025-03-10 08:25:35,RAIA DROGASIL S/A,Salvador,61585865188100,PITUBA,BA,2910800,29
7898277711087,FINASTERIDA,"R$ 14,40",2025-03-10 08:25:38,DROGARIA VALERIA,Salvador,3052948000189,VALERIA,BA,2927408,29
7898277711087,FINASTERIDA,"R$ 14,40",2025-03-10 08:25:43,DROGARIA VALERIA,Salvador,3052948000189,VALERIA,BA,2910800,29
7898185267423,FLUCONAZOL,"R$ 34,99",2025-03-10 08:25:52,DOMI FARMA,Salvador,19352385000508,SUSSUARANA,BA,2927408,29
7898185267423,FLUCONAZOL,"R$ 34,99",2025-03-10 08:26:55,DOMI FARMA,Salvador,19352385000508,SUSSUARANA,BA,2910800,29
7896004739083,FUROSEMIDA,"R$ 31,82",2025-03-10 08:27:54,CAVALCANTE PIRES COMERCIO LTDA,Salvador,96767405000471,FEDERACAO,BA,2927408,29
7896004739083,FUROSEMIDA,"R$ 31,82",2025-03-10 08:28:12,CAVALCANTE PIRES COMERCIO LTDA,Salvador,96767405000471,FEDERACAO,BA,2910800,29
7891317011345,GENFIBROZILA,"R$ 139,99",2025-03-10 08:28:53,FARMACIA PERMANENTE,Salvador,5230009008510,PARALELA,BA,2927408,29
7897337716215,GENTAMICINA,"R$ 39,26",2025-03-10 08:29:14,RAIA DROGASIL S/A,Salvador,61585865372024,CAMINHO DAS ARVORES,BA,2927408,29
7897337716215,GENTAMICINA,"R$ 39,26",2025-03-10 08:29:26,RAIA DROGASIL S/A,Salvador,61585865372024,CAMINHO DAS ARVORES,BA,2910800,29
7898040329570,GESTODENO,"R$ 30,66",2025-03-10 08:29:40,RAIA DROGASIL S/A,Salvador,61585865366059,PARALELA,BA,2927408,29
7899095233805,GLICAZIDA,"R$ 11,99",2025-03-10 08:30:49,FARMACIA ULTRA ECONOMICA,Salvador,13207048004023,BARRIS,BA,2910800,29
7898040329570,GESTODENO,"R$ 30,66",2025-03-10 08:31:06,RAIA DROGASIL S/A,Salvador,61585865366059,PARALELA,BA,2910800,29
7896676426878,GLICOSAMINA,"R$ 115,00",2025-03-10 08:32:29,FARMACIA ULTRA ECONOMICA,Salvador,13207048004708,FAZENDA GRANDE I,BA,2927408,29
7899095233805,GLICAZIDA,"R$ 11,99",2025-03-10 08:32:47,FARMACIA ULTRA ECONOMICA,Salvador,13207048004023,BARRIS,BA,2927408,29
7896676426878,GLICOSAMINA,"R$ 115,00",2025-03-10 08:33:33,FARMACIA ULTRA ECONOMICA,Salvador,13207048004708,FAZENDA GRANDE I,BA,2910800,29
7896112407270,GUAIFENESINA,"R$ 195,00",2025-03-10 08:34:21,RAIA DROGASIL S/A,Salvador,61585865116966,BARRA,BA,2927408,29
7896112407270,GUAIFENESINA,"R$ 195,00",2025-03-10 08:34:21,RAIA DROGASIL S/A,Salvador,61585865116966,BARRA,BA,2910800,29
7898079002499,GLIMEPIRIDA,"R$ 10,77",2025-03-10 08:34:22,DROGARIAS HIPER ECONOMICAS,Salvador,3613918002814,FAZENDA GRANDE II,BA,2927408,29
7898075311854,HIDROCLOROTIAZIDA,"R$ 13,95",2025-03-10 08:34:43,DROGARIAS HIPER ECONOMICA,Salvador,3613918002229,SAO CAETANO,BA,2927408,29
7898075311854,HIDROCLOROTIAZIDA,"R$ 13,95",2025-03-10 08:35:41,DROGARIAS HIPER ECONOMICA,Salvador,3613918002229,SAO CAETANO,BA,2910800,29
7898079002499,GLIMEPIRIDA,"R$ 10,77",2025-03-10 08:35:49,DROGARIAS HIPER ECONOMICAS,Salvador,3613918002814,FAZENDA GRANDE II,BA,2910800,29
7896004755878,INDAPAMIDA,"R$ 18,99",2025-03-10 08:38:48,FARMACIA PRECO BAIXO,Salvador,19741241000381,SAO CAETANO,BA,2927408,29
7896004755878,INDAPAMIDA,"R$ 18,99",2025-03-10 08:38:55,FARMACIA PRECO BAIXO,Salvador,19741241000381,SAO CAETANO,BA,2910800,29
7894916512022,IPRATROPIO,"R$ 32,97",2025-03-10 08:39:15,DROGARIAS MEGA DESCONTAO,Salvador,19147250002201,BROTAS,BA,2927408,29
7894916512022,IPRATROPIO,"R$ 32,97",2025-03-10 08:40:20,DROGARIAS MEGA DESCONTAO,Salvador,19147250002201,BROTAS,BA,2910800,29
7896094999411,ISOTRETINOINA,"R$ 16,12",2025-03-10 08:41:34,FARMACIA PRECO POPULAR,Salvador,44403915000466,CAMINHO DE AREIA,BA,2910800,29
7896094999411,ISOTRETINOINA,"R$ 16,12",2025-03-10 08:41:38,FARMACIA PRECO POPULAR,Salvador,44403915000466,CAMINHO DE AREIA,BA,2927408,29
7896004819921,ITRACONAZOL,"R$ 122,99",2025-03-10 08:42:03,IMIFARMA PRODUTOS FARMACEUTICOS E COSMETICOS SA,Salvador,4899316052932,PITUBA,BA,2910800,29
7891800664997,IVERMECTINA,"R$ 25,72",2025-03-10 08:42:04,FARMACIA REOBOTE,Salvador,96783915000190,PITUBA,BA,2927408,29
7896714274577,LAMOTRIGINA,"R$ 5,98",2025-03-10 08:42:36,FARMACIA VENTIN,Salvador,42086397000126,COSME DE FARIAS,BA,2910800,29
7896004819921,ITRACONAZOL,"R$ 122,99",2025-03-10 08:43:26,IMIFARMA PRODUTOS FARMACEUTICOS E COSMETICOS SA,Salvador,4899316052932,PITUBA,BA,2927408,29
7896015516970,LANSOPRAZOL,"R$ 3,39",2025-03-10 08:43:31,FARMACIA PAGUE MENOS,Salvador,6626253087176,PATAMARES,BA,2927408,29
7896714274577,LAMOTRIGINA,"R$ 5,98",2025-03-10 08:43:35,FARMACIA VENTIN,Salvador,42086397000126,COSME DE FARIAS,BA,2927408,29
7891800664997,IVERMECTINA,"R$ 25,72",2025-03-10 08:43:47,FARMACIA REOBOTE,Salvador,96783915000190,PITUBA,BA,2910800,29
7896015516970,LANSOPRAZOL,"R$ 3,39",2025-03-10 08:44:14,FARMACIA PAGUE MENOS,Salvador,6626253087176,PATAMARES,BA,2910800,29
7897947609273,LATANOPROSTA,"R$ 17,90",2025-03-10 08:44:27,FARMACIA VERA CRUZ,Vera Cruz,10016119000106,MAR GRANDE/ CENTRO,BA,2910800,29
7896006212263,LETROZOL,"R$ 21,76",2025-03-10 08:44:38,RAIA DROGASIL S/A,Salvador,61585865188100,PITUBA,BA,2927408,29
7897947609273,LATANOPROSTA,"R$ 17,90",2025-03-10 08:45:19,FARMACIA VERA CRUZ,Vera Cruz,10016119000106,MAR GRANDE/ CENTRO,BA,2927408,29
7896006212263,LETROZOL,"R$ 21,76",2025-03-10 08:46:26,RAIA DROGASIL S/A,Salvador,61585865188100,PITUBA,BA,2910800,29
7891000347690,LEVOCETIRIZINA,"R$ 58,91",2025-03-10 08:46:56,FARMACIA ZERO HORA,Salvador,3613918003896,CABULA,BA,2910800,29
7891000347690,LEVOCETIRIZINA,"R$ 58,91",2025-03-10 08:48:05,FARMACIA ZERO HORA,Salvador,3613918003896,CABULA,BA,2927408,29
7899706164337,LEVOTIROXINA,"R$ 21,90",2025-03-10 08:49:35,ATACADAO,Salvador,93209765055876,MATA ESCURA,BA,2927408,29
7896523201399,LIDOCAINA,"R$ 7,79",2025-03-10 08:49:42,RAIA DROGASIL S/A,Salvador,61585865057420,BARRA,BA,2927408,29
7899706164337,LEVOTIROXINA,"R$ 21,90",2025-03-10 08:50:19,ATACADAO,Salvador,93209765055876,MATA ESCURA,BA,2910800,29
7896523201399,LIDOCAINA,"R$ 7,79",2025-03-10 08:51:50,RAIA DROGASIL S/A,Salvador,61585865057420,BARRA,BA,2910800,29
7896714275208,LORAZEPAM,"R$ 5,98",2025-03-10 08:52:57,FARMACIAS PRECO POPULAR,Salvador,44403915000202,CAJAZEIRAS VIII,BA,2927408,29
7896714275208,LORAZEPAM,"R$ 5,98",2025-03-10 08:53:21,FARMACIAS PRECO POPULAR,Salvador,44403915000202,CAJAZEIRAS VIII,BA,2910800,29
7891317001513,MEBENDAZOL,"R$ 30,00",2025-03-10 08:53:47,FARMACIAS NOVA FARMA,Salvador,40115526000131,PERIPERI,BA,2910800,29
7896261017306,LOSARTANA,"R$ 80,00",2025-03-10 08:54:08,FARMACIAS PAGUE MENOS,Salvador,6626253017208,MATATU,BA,2927408,29
7896261017306,LOSARTANA,"R$ 80,00",2025-03-10 08:54:16,FARMACIAS PAGUE MENOS,Salvador,6626253017208,MATATU,BA,2910800,29
7891317001513,MEBENDAZOL,"R$ 30,00",2025-03-10 08:54:27,FARMACIAS NOVA FARMA,Salvador,40115526000131,PERIPERI,BA,2927408,29
7891268101706,MEFENÂMICO,"R$ 23,37",2025-03-10 08:55:02,RAIA DROGASIL S/A,Salvador,61585865192476,BROTAS,BA,2910800,29
7891268101706,MEFENÂMICO,"R$ 23,37",2025-03-10 08:55:11,RAIA DROGASIL S/A,Salvador,61585865192476,BROTAS,BA,2927408,29
8903855081311,MESALAZINA,"R$ 115,51",2025-03-10 08:56:29,DROGARIAS MEGA DESCONTAO,Salvador,19147250001825,SAO CRISTOVAO,BA,2910800,29
8903855081311,MESALAZINA,"R$ 115,51",2025-03-10 08:57:23,DROGARIAS MEGA DESCONTAO,Salvador,19147250001825,SAO CRISTOVAO,BA,2927408,29
7896004721125,METILDOPA,"R$ 49,00",2025-03-10 08:58:47,FARMACIA REOBOTE,Salvador,96783915000190,PITUBA,BA,2910800,29
7896007550883,METILFENIDATO,"R$ 10,34",2025-03-10 08:58:57,RAIA DROGASIL S/A,Salvador,61585865153497,ENGENHO VELHO DE BROTAS,BA,2927408,29
7896004721125,METILDOPA,"R$ 49,00",2025-03-10 08:58:59,FARMACIA REOBOTE,Salvador,96783915000190,PITUBA,BA,2927408,29
7896007550883,METILFENIDATO,"R$ 10,34",2025-03-10 08:59:09,RAIA DROGASIL S/A,Salvador,61585865153497,ENGENHO VELHO DE BROTAS,BA,2910800,29
7896658037238,METOPROLOL,"R$ 121,55",2025-03-10 09:00:08,RAIA DROGASIL S/A,Salvador,61585865183485,CAMINHO DAS ARVORES,BA,2927408,29
7896658037238,METOPROLOL,"R$ 121,55",2025-03-10 09:00:16,RAIA DROGASIL S/A,Salvador,61585865183485,CAMINHO DAS ARVORES,BA,2910800,29
7896523200026,MINOCICLINA,"R$ 5,90",2025-03-10 09:01:46,FARMACIA LARGO DO FAROL,Salvador,13047680000140,FAZENDA GRANDE DO RETIRO,BA,2927408,29
7896523200026,MINOCICLINA,"R$ 5,90",2025-03-10 09:03:27,FARMACIA LARGO DO FAROL,Salvador,13047680000140,FAZENDA GRANDE DO RETIRO,BA,2910800,29
7798304841650,MINOXIDIL,"R$ 9,99",2025-03-10 09:03:38,REDE FORT,Salvador,19729204000196,AGUAS CLARAS,BA,2927408,29
7798304841650,MINOXIDIL,"R$ 9,99",2025-03-10 09:03:49,REDE FORT,Salvador,19729204000196,AGUAS CLARAS,BA,2910800,29
5702150151186,MONTELUCASTE,"R$ 336,00",2025-03-10 09:04:54,RAIA DROGASIL S/A,Salvador,61585865183485,CAMINHO DAS ARVORES,BA,2927408,29
7899095250949,MOMETASONA,"R$ 3,98",2025-03-10 09:05:04,FARMACIA ULTRA ECONOMICA,Salvador,13207048004104,PITUBA,BA,2927408,29
7899095250949,MOMETASONA,"R$ 3,98",2025-03-10 09:05:29,FARMACIA ULTRA ECONOMICA,Salvador,13207048004104,PITUBA,BA,2910800,29
5702150151186,MONTELUCASTE,"R$ 336,00",2025-03-10 09:05:53,RAIA DROGASIL S/A,Salvador,61585865183485,CAMINHO DAS ARVORES,BA,2910800,29
7891025107880,MOXIFLOXACINO,"R$ 39,15",2025-03-10 09:06:22,FARMACIA PRECO BAIXO,Salvador,19741241000543,TANCREDO NEVES,BA,2910800,29
7891000001080,MUPIROCINA,"R$ 18,35",2025-03-10 09:06:59,FARMACIAS MULTI POPULAR,Salvador,8821782000131,BOCA DO RIO,BA,2927408,29
7891025107880,MOXIFLOXACINO,"R$ 39,15",2025-03-10 09:07:21,FARMACIA PRECO BAIXO,Salvador,19741241000543,TANCREDO NEVES,BA,2927408,29
7891000001080,MUPIROCINA,"R$ 18,35",2025-03-10 09:08:36,FARMACIAS MULTI POPULAR,Salvador,8821782000131,BOCA DO RIO,BA,2910800,29
7891317431334,NAPROXENO,"R$ 12,11",2025-03-10 09:08:37,RAIA DROGASIL S/A,Salvador,61585865188100,PITUBA,BA,2910800,29
7891317431334,NAPROXENO,"R$ 12,11",2025-03-10 09:09:09,RAIA DROGASIL S/A,Salvador,61585865188100,PITUBA,BA,2927408,29
7897947611764,NEOMICINA,"R$ 9,90",2025-03-10 09:11:18,OPCAO FARMA,Salvador,10373327000162,PIRAJA,BA,2910800,29
7896658001260,NISTATINA,"R$ 49,99",2025-03-10 09:12:13,G. BARBOSA - FILIAL 71,Salvador,39346861007921,COSTA AZUL,BA,2910800,29
7896658001260,NISTATINA,"R$ 49,99",2025-03-10 09:12:28,G. BARBOSA - FILIAL 71,Salvador,39346861007921,COSTA AZUL,BA,2927408,29
7891150059887,NITRAZEPAM,"R$ 1,75",2025-03-10 09:13:44,ATAKAREJO DISTRIBUIDOR DE ALIMENTOS E BEBIDAS LTDA,Salvador,73849952000743,CALCADA,BA,2927408,29
7891150059887,NITRAZEPAM,"R$ 1,75",2025-03-10 09:14:24,ATAKAREJO DISTRIBUIDOR DE ALIMENTOS E BEBIDAS LTDA,Salvador,73849952000743,CALCADA,BA,2910800,29
7892953208281,NORETISTERONA,"R$ 107,99",2025-03-10 09:15:30,FARMACIAS PAGUE MENOS,Salvador,6626253017208,MATATU,BA,2910800,29
7892953208281,NORETISTERONA,"R$ 107,99",2025-03-10 09:15:57,FARMACIAS PAGUE MENOS,Salvador,6626253017208,MATATU,BA,2927408,29
7898747480062,NORFLOXACINO,"R$ 35,90",2025-03-10 09:15:59,FARMACIAS BIG FORT,Salvador,17380013000306,ALPHAVILLE I,BA,2927408,29
7898747480062,NORFLOXACINO,"R$ 35,90",2025-03-10 09:16:43,FARMACIAS BIG FORT,Salvador,17380013000306,ALPHAVILLE I,BA,2910800,29
7896006200895,NORTRIPTILINA,"R$ 19,95",2025-03-10 09:17:00,DROGARIAS MEGA DESCONTAO,Salvador,27881239000417,CAJAZEIRAS VIII,BA,2927408,29
7896006200895,NORTRIPTILINA,"R$ 19,95",2025-03-10 09:17:37,DROGARIAS MEGA DESCONTAO,Salvador,27881239000417,CAJAZEIRAS VIII,BA,2910800,29
7622300847791,OLAPATADINA,"R$ 5,87",2025-03-10 09:18:14,RAIA DROGASIL S/A,Salvador,61585865158960,PERO VAZ,BA,2910800,29
7898224825201,OLMESARTANA,"R$ 18,58",2025-03-10 09:18:33,ATAKAREJO DIST DE ALIM E BEB LTDA,Salvador,73849952000158,Brotas,BA,2927408,29
7622300847791,OLAPATADINA,"R$ 5,87",2025-03-10 09:18:57,RAIA DROGASIL S/A,Salvador,61585865158960,PERO VAZ,BA,2927408,29
7899824400737,OMEPRAZOL,"R$ 40,73",2025-03-10 09:19:43,FARMACIA PAGUE MENOS,Salvador,6626253122850,NOVO HORIZONTE,BA,2927408,29
7898224825201,OLMESARTANA,"R$ 18,58",2025-03-10 09:20:02,ATAKAREJO DIST DE ALIM E BEB LTDA,Salvador,73849952000158,Brotas,BA,2910800,29
7899824400737,OMEPRAZOL,"R$ 40,73",2025-03-10 09:20:08,FARMACIA PAGUE MENOS,Salvador,6626253122850,NOVO HORIZONTE,BA,2910800,29
7896641807534,ORLISTATE,"R$ 20,14",2025-03-10 09:21:27,FARMA SAUDEVITAL,Vera Cruz,15748251000126,MAR GRANDE,BA,2910800,29
7898958086008,OXCARBAZEPINA,"R$ 25,99",2025-03-10 09:21:46,FARMACIA CASA DOS REMEDIOS,Salvador,38473172000236,PERNAMBUES,BA,2927408,29
7898958086008,OXCARBAZEPINA,"R$ 25,99",2025-03-10 09:22:21,FARMACIA CASA DOS REMEDIOS,Salvador,38473172000236,PERNAMBUES,BA,2910800,29
7896641807534,ORLISTATE,"R$ 20,14",2025-03-10 09:24:10,FARMA SAUDEVITAL,Vera Cruz,15748251000126,MAR GRANDE,BA,2927408,29
5901832063223,PAROXETINA,"R$ 95,92",2025-03-10 09:25:34,RIACHUELO,Salvador,33200056035449,CAMINHO DAS ARVORES,BA,2927408,29
7891317016975,PINAVERIO,"R$ 117,80",2025-03-10 09:26:40,FARMACIAS PAGUE MENOS,Salvador,6626253062858,PITUBA,BA,2910800,29
5901832063223,PAROXETINA,"R$ 95,92",2025-03-10 09:26:52,RIACHUELO,Salvador,33200056035449,CAMINHO DAS ARVORES,BA,2910800,29
7891317016975,PINAVERIO,"R$ 117,80",2025-03-10 09:27:04,FARMACIAS PAGUE MENOS,Salvador,6626253062858,PITUBA,BA,2927408,29
7897517909437,PIOGLITAZONA,"R$ 9,14",2025-03-10 09:27:08,FARMACIA DA GENTE,Salvador,5243999000113,IMBUI,BA,2910800,29
7897517909437,PIOGLITAZONA,"R$ 9,14",2025-03-10 09:27:08,FARMACIA DA GENTE,Salvador,5243999000113,IMBUI,BA,2927408,29
7896422516945,PIROXICAM,"R$ 14,98",2025-03-10 09:27:50,FARMACIAS PRECO POPULAR,Salvador,44403915000202,CAJAZEIRAS VIII,BA,2927408,29
7896422516945,PIROXICAM,"R$ 14,98",2025-03-10 09:28:01,FARMACIAS PRECO POPULAR,Salvador,44403915000202,CAJAZEIRAS VIII,BA,2910800,29
7896112160281,PRAVASTATINA,"R$ 6,90",2025-03-10 09:28:56,FARMACIA LARGO DO FAROL,Salvador,13047680000140,FAZENDA GRANDE DO RETIRO,BA,2927408,29
7896261012523,PRAMIPEXOL,"R$ 165,31",2025-03-10 09:28:57,FARMACIAS PAGUE MENOS,Salvador,6626253062939,CABULA,BA,2910800,29
7896261012523,PRAMIPEXOL,"R$ 165,31",2025-03-10 09:29:05,FARMACIAS PAGUE MENOS,Salvador,6626253062939,CABULA,BA,2927408,29
7896112160281,PRAVASTATINA,"R$ 6,90",2025-03-10 09:29:57,FARMACIA LARGO DO FAROL,Salvador,13047680000140,FAZENDA GRANDE DO RETIRO,BA,2910800,29
7897947612273,PREDNISONA,"R$ 11,09",2025-03-10 09:30:12,DROGARIAS GLOBO,Salvador,63503007010109,LIBERDADE,BA,2910800,29
7897947612273,PREDNISONA,"R$ 11,09",2025-03-10 09:30:18,DROGARIAS GLOBO,Salvador,63503007010109,LIBERDADE,BA,2927408,29
7896181926238,PROMESTRIENO,"R$ 9,99",2025-03-10 09:31:18,FARMACIAS BIG FORT,Salvador,17380013000306,ALPHAVILLE I,BA,2910800,29
7896181926238,PROMESTRIENO,"R$ 9,99",2025-03-10 09:31:45,FARMACIAS BIG FORT,Salvador,17380013000306,ALPHAVILLE I,BA,2927408,29
7898259495622,PREGABALINA,"R$ 0,60",2025-03-10 09:31:46,FARMACIA PRECO POPULAR,Salvador,44403915000466,CAMINHO DE AREIA,BA,2910800,29
7891000062678,PROPAFENONA,"R$ 44,09",2025-03-10 09:33:36,FARMACIA PAGUE MENOS,Salvador,6626253122850,NOVO HORIZONTE,BA,2927408,29
7891000062678,PROPAFENONA,"R$ 44,09",2025-03-10 09:34:20,FARMACIA PAGUE MENOS,Salvador,6626253122850,NOVO HORIZONTE,BA,2910800,29
7891317013615,RABEPRAZOL,"R$ 53,75",2025-03-10 09:34:46,FARMACIA PERMANENTE,Salvador,5230009009088,CENTRO HISTORICO,BA,2927408,29
7891317013615,RABEPRAZOL,"R$ 53,75",2025-03-10 09:35:03,FARMACIA PERMANENTE,Salvador,5230009009088,CENTRO HISTORICO,BA,2910800,29
7896206402853,RIFAMICINA,"R$ 15,15",2025-03-10 09:35:30,FARMACIAS PAGUE MENOS,Salvador,6626253062858,PITUBA,BA,2910800,29
7896206402853,RIFAMICINA,"R$ 15,15",2025-03-10 09:35:30,FARMACIAS PAGUE MENOS,Salvador,6626253062858,PITUBA,BA,2927408,29
7896112181729,RISEDRONATO,"R$ 7,58",2025-03-10 09:35:31,FARMACIAS PAGUE MENOS,Salvador,6626253046577,COSTA AZUL,BA,2927408,29
7896112181729,RISEDRONATO,"R$ 7,58",2025-03-10 09:36:12,FARMACIAS PAGUE MENOS,Salvador,6626253046577,COSTA AZUL,BA,2910800,29
7897947612266,RISPERIDONA,"R$ 18,90",2025-03-10 09:36:16,RAIA DROGASIL S/A,Salvador,61585865192557,SUSSUARANA,BA,2927408,29
7897947612266,RISPERIDONA,"R$ 18,90",2025-03-10 09:37:00,RAIA DROGASIL S/A,Salvador,61585865192557,SUSSUARANA,BA,2910800,29
7896637022767,RIVASTIGMINA,"R$ 44,35",2025-03-10 09:37:09,FARMACIA PRECO POPULAR,Salvador,40541021000139,BARRIS,BA,2927408,29
7896637022767,RIVASTIGMINA,"R$ 44,35",2025-03-10 09:37:43,FARMACIA PRECO POPULAR,Salvador,40541021000139,BARRIS,BA,2910800,29
7894916141550,ROSUVASTATINA,"R$ 13,69",2025-03-10 09:38:08,' DROGARIA DA GENTE',Salvador,7638473000168,CAMINHO DE AREIA,BA,2927408,29
7894916141550,ROSUVASTATINA,"R$ 13,69",2025-03-10 09:38:32,' DROGARIA DA GENTE',Salvador,7638473000168,CAMINHO DE AREIA,BA,2910800,29
7891024035511,SILDENAFILA,"R$ 3,50",2025-03-10 09:40:33,FARMACIA PRECO BAIXO,Salvador,19741241000543,TANCREDO NEVES,BA,2927408,29
7891024035511,SILDENAFILA,"R$ 3,50",2025-03-10 09:41:37,FARMACIA PRECO BAIXO,Salvador,19741241000543,TANCREDO NEVES,BA,2910800,29
7898283815007,SINVASTATINA,"R$ 0,49",2025-03-10 09:42:30,DROGARIA GLOBO,Salvador,63503007011008,COSTA AZUL,BA,2910800,29
7898283815007,SINVASTATINA,"R$ 0,49",2025-03-10 09:42:31,DROGARIA GLOBO,Salvador,63503007011008,COSTA AZUL,BA,2927408,29
7896862924232,SULFADIAZINA,"R$ 15,95",2025-03-10 09:43:05,DROGARIAS ULTRA POPULAR,Salvador,40603177000105,ROMA,BA,2927408,29
7896023794018,SULFAMETOXAZOL,"R$ 49,99",2025-03-10 09:43:54,FARMACIA POPULAR PRIME,Salvador,48899478000121,GRACA,BA,2910800,29
7896862924232,SULFADIAZINA,"R$ 15,95",2025-03-10 09:44:02,DROGARIAS ULTRA POPULAR,Salvador,40603177000105,ROMA,BA,2910800,29
7500435146029,SUMATRIPTANA,"R$ 239,98",2025-03-10 09:44:25,WMB SUPERMERCADOS DO BRASIL LTDA.,Salvador,63960004864,PITUBA,BA,2927408,29
7896023794018,SULFAMETOXAZOL,"R$ 49,99",2025-03-10 09:44:32,FARMACIA POPULAR PRIME,Salvador,48899478000121,GRACA,BA,2927408,29
7500435146029,SUMATRIPTANA,"R$ 239,98",2025-03-10 09:44:36,WMB SUPERMERCADOS DO BRASIL LTDA.,Salvador,63960004864,PITUBA,BA,2910800,29
7897595632623,TANSULOSINA,"R$ 8,11",2025-03-10 09:46:36,FARMACIA ZERO HORA,Salvador,3613918001176,SAO MARCOS,BA,2927408,29
7897595632623,TANSULOSINA,"R$ 8,11",2025-03-10 09:46:37,FARMACIA ZERO HORA,Salvador,3613918001176,SAO MARCOS,BA,2910800,29
7896012801888,TELMISARTANA,"R$ 19,44",2025-03-10 09:46:48,FARMACIA PAGUE MENOS,Salvador,6626253013300,PITUBA,BA,2927408,29
7896012801888,TELMISARTANA,"R$ 19,44",2025-03-10 09:48:45,FARMACIA PAGUE MENOS,Salvador,6626253013300,PITUBA,BA,2910800,29
7891150091290,TERBINAFINA,"R$ 8,40",2025-03-10 09:48:56,FILIAL 174,Salvador,776574135914,BARRA,BA,2927408,29
7896714213446,TIBOLONA,"R$ 2,78",2025-03-10 09:50:22,DROGARIAS MEGA DESCONTAO,Salvador,19147250002040,CAMINHO DE AREIA,BA,2910800,29
7896714213446,TIBOLONA,"R$ 2,78",2025-03-10 09:50:49,DROGARIAS MEGA DESCONTAO,Salvador,19147250002040,CAMINHO DE AREIA,BA,2927408,29
7896112406150,TINIDAZOL,"R$ 210,03",2025-03-10 09:52:11,RAIA DROGASIL S/A,Salvador,61585865184619,VILA LAURA,BA,2927408,29
7896112406150,TINIDAZOL,"R$ 210,03",2025-03-10 09:52:15,RAIA DROGASIL S/A,Salvador,61585865184619,VILA LAURA,BA,2910800,29
7897076921680,TIMOLOL,"R$ 72,02",2025-03-10 09:52:33,FARMACIAS PAGUE MENOS,Salvador,6626253017550,COMERCIO,BA,2910800,29
7897076921680,TIMOLOL,"R$ 72,02",2025-03-10 09:52:41,FARMACIAS PAGUE MENOS,Salvador,6626253017550,COMERCIO,BA,2927408,29
7896112101659,TOCOFEROL,"R$ 15,98",2025-03-10 09:54:44,FARMACIA PRECO POPULAR,Salvador,40541021000139,BARRIS,BA,2927408,29
7896004725420,TOPIRAMATO,"R$ 4,52",2025-03-10 09:55:03,RAIA DROGASIL S/A,Salvador,61585865162640,CANELA,BA,2927408,29
7896112101659,TOCOFEROL,"R$ 15,98",2025-03-10 09:55:42,FARMACIA PRECO POPULAR,Salvador,40541021000139,BARRIS,BA,2910800,29
7896004725420,TOPIRAMATO,"R$ 4,52",2025-03-10 09:56:05,RAIA DROGASIL S/A,Salvador,61585865162640,CANELA,BA,2910800,29
7896061913181,TRAMADOL,"R$ 18,98",2025-03-10 09:56:27,BOMPRECO,Salvador,97422620007910,CAMINHO DAS ARVORES,BA,2927408,29
7896061913181,TRAMADOL,"R$ 18,98",2025-03-10 09:56:40,BOMPRECO,Salvador,97422620007910,CAMINHO DAS ARVORES,BA,2910800,29
7896336601119,TRAVOPROSTA,"R$ 19,90",2025-03-10 09:56:54,RAIA DROGASIL S/A,Salvador,61585865211365,CABULA,BA,2927408,29
7896336601119,TRAVOPROSTA,"R$ 19,90",2025-03-10 09:57:02,RAIA DROGASIL S/A,Salvador,61585865211365,CABULA,BA,2910800,29
7896006200901,TRAZODONA,"R$ 19,98",2025-03-10 09:57:34,FARMACIA PRECO POPULAR,Salvador,40541021000139,BARRIS,BA,2910800,29
7896006200901,TRAZODONA,"R$ 19,98",2025-03-10 09:58:00,FARMACIA PRECO POPULAR,Salvador,40541021000139,BARRIS,BA,2927408,29
7897840300383,TRIANCINOLONA,"R$ 69,90",2025-03-10 09:58:10,RIACHUELO,Salvador,33200056003830,CAMINHO DAS ARVORES,BA,2910800,29
7897840300383,TRIANCINOLONA,"R$ 69,90",2025-03-10 09:58:12,RIACHUELO,Salvador,33200056003830,CAMINHO DAS ARVORES,BA,2927408,29
7891150036369,TRIMEBUTINA,"R$ 21,99",2025-03-10 09:58:43,RAIA DROGASIL S/A,Salvador,61585865183485,CAMINHO DAS ARVORES,BA,2910800,29
7891150036369,TRIMEBUTINA,"R$ 21,99",2025-03-10 09:58:46,RAIA DROGASIL S/A,Salvador,61585865183485,CAMINHO DAS ARVORES,BA,2927408,29
7891317010287,VALSARTANA,"R$ 37,79",2025-03-10 10:01:13,RAIA DROGASIL S/A,Salvador,61585865259139,SAO CAETANO,BA,2910800,29
7891317010287,VALSARTANA,"R$ 37,79",2025-03-10 10:01:18,RAIA DROGASIL S/A,Salvador,61585865259139,SAO CAETANO,BA,2927408,29
4005900709752,VARFARINA,"R$ 45,24",2025-03-10 10:01:31,RAIA DROGASIL S/A,Salvador,61585865057420,BARRA,BA,2910800,29
4005900709752,VARFARINA,"R$ 45,24",2025-03-10 10:01:47,RAIA DROGASIL S/A,Salvador,61585865057420,BARRA,BA,2927408,29
7908475806789,VENLAFAXINA,"R$ 79,61",2025-03-10 10:02:44,RAIA DROGASIL S/A,Salvador,61585865259139,SAO CAETANO,BA,2910800,29
7896658025129,ZINCO,"R$ 79,68",2025-03-10 10:03:04,FARMACIA ZERO HORA,Salvador,3613918000790,CABULA VI,BA,2927408,29
7896658025129,ZINCO,"R$ 79,68",2025-03-10 10:04:01,FARMACIA ZERO HORA,Salvador,3613918000790,CABULA VI,BA,2910800,29
7891317010201,ZOLPIDEM,"R$ 77,33",2025-03-10 10:04:29,RAIA DROGASIL S/A,Salvador,61585865162640,CANELA,BA,2927408,29
7891317010201,ZOLPIDEM,"R$ 77,33",2025-03-10 10:04:52,RAIA DROGASIL S/A,Salvador,61585865162640,CANELA,BA,2910800,29
7898040322748,LEVODOPA,"R$ 57,62",2025-03-10 10:05:12,FARMACIAS PAGUE MENOS,Salvador,6626253092099,PITUACU,BA,2910800,29
7898040322748,LEVODOPA,"R$ 57,62",2025-03-10 10:05:21,FARMACIAS PAGUE MENOS,Salvador,6626253092099,PITUACU,BA,2927408,29
7898286540258,METFORMINA CLORIDRATO,"R$ 20,72",2025-03-10 10:06:21,FARMACIA PRECO POPULAR,Salvador,44403915000466,CAMINHO DE AREIA,BA,2910800,29
7894900011159,OZEMPIC,"R$ 7,99",2025-03-10 10:06:39,COMPLETA ALIMENTOS LTDA,Salvador,14809453000178,ITAIGARA,BA,2927408,29
7898019866594,VENVANSE,"R$ 35,91",2025-03-10 10:07:43,AGROMIX,Salvador,6336990000705,MATATU,BA,2927408,29
7894900011159,OZEMPIC,"R$ 7,99",2025-03-10 10:07:54,COMPLETA ALIMENTOS LTDA,Salvador,14809453000178,ITAIGARA,BA,2910800,29
7898286540258,METFORMINA CLORIDRATO,"R$ 20,72",2025-03-10 10:08:00,FARMACIA PRECO POPULAR,Salvador,44403915000466,CAMINHO DE AREIA,BA,2927408,29
7898949730507,XIGDUO,"R$ 85,90",2025-03-10 10:08:08,MATHEUS SUPLEMENTOS,Salvador,57515169000100,CAMINHO DAS ARVORES,BA,2927408,29
7898019866594,VENVANSE,"R$ 35,91",2025-03-10 10:08:25,AGROMIX,Salvador,6336990000705,MATATU,BA,2910800,29
7898949730507,XIGDUO,"R$ 85,90",2025-03-10 10:09:24,MATHEUS SUPLEMENTOS,Salvador,57515169000100,CAMINHO DAS ARVORES,BA,2910800,29
7791293032498,EDISTRIDE,"R$ 9,99",2025-03-10 10:09:26,G BARBOSA,Salvador,39346861013816,ENGENHO VELHO DE BROTAS,BA,2927408,29
7898040323844,DURATESTON,"R$ 129,41",2025-03-10 10:09:31,FARMACIAS PRECO POPULAR,Salvador,40541021000309,BARRIS,BA,2910800,29
7898040323844,DURATESTON,"R$ 129,41",2025-03-10 10:09:50,FARMACIAS PRECO POPULAR,Salvador,40541021000309,BARRIS,BA,2927408,29
7896007553723,ARTANE,"R$ 33,50",2025-03-10 10:10:39,FARMELHOR VILA LAURA,Salvador,39796080000179,VILA LAURA,BA,2927408,29
7896241248430,CREATINA,"R$ 83,73",2025-03-10 10:11:01,RAIA DROGASIL S/A,Salvador,61585865372024,CAMINHO DAS ARVORES,BA,2927408,29
7896007553723,ARTANE,"R$ 33,50",2025-03-10 10:11:51,FARMELHOR VILA LAURA,Salvador,39796080000179,VILA LAURA,BA,2910800,29
7896241248430,CREATINA,"R$ 83,73",2025-03-10 10:12:35,RAIA DROGASIL S/A,Salvador,61585865372024,CAMINHO DAS ARVORES,BA,2910800,29
7899360232892,RIVOTRIL,"R$ 1,99",2025-03-10 10:12:52,FREITAS VAREJO,Salvador,63473235003489,CAMINHO DAS ARVORES,BA,2927408,29
7908615055183,PRYSMA,"R$ 19,99",2025-03-10 10:13:25,HIPERIDEAL,Salvador,2212937002604,PIATA,BA,2927408,29
7899360232892,RIVOTRIL,"R$ 1,99",2025-03-10 10:13:33,FREITAS VAREJO,Salvador,63473235003489,CAMINHO DAS ARVORES,BA,2910800,29
7908615055183,PRYSMA,"R$ 19,99",2025-03-10 10:13:56,HIPERIDEAL,Salvador,2212937002604,PIATA,BA,2910800,29
768455107896,MECOBE,"R$ 81,07",2025-03-10 10:14:55,TECMEDICA,Salvador,11519472000333,NAZARE,BA,2910800,29
768455107896,MECOBE,"R$ 81,07",2025-03-10 10:15:33,TECMEDICA,Salvador,11519472000333,NAZARE,BA,2927408,29
7899838832005,BUSCOPAN,"R$ 33,98",2025-03-10 10:17:11,DROGARIAS ULTRA POPULAR,Salvador,11142002000131,TORORO,BA,2927408,29
7899838832005,BUSCOPAN,"R$ 33,98",2025-03-10 10:17:34,DROGARIAS ULTRA POPULAR,Salvador,11142002000131,TORORO,BA,2910800,29
7896226500386,CANABID,"R$ 29,91",2025-03-10 10:21:05,FARMACIA ULTRA ECONOMICA,Salvador,13207048004104,PITUBA,BA,2927408,29
7896226500386,CANABID,"R$ 29,91",2025-03-10 10:21:15,FARMACIA ULTRA ECONOMICA,Salvador,13207048004104,PITUBA,BA,2910800,29
7896255716970,LEITE NAN,"R$ 39,03",2025-03-10 10:23:00,RAIA DROGASIL S/A,Salvador,61585865148655,ALPHAVILLE I,BA,2927408,29
7896255716970,LEITE NAN,"R$ 39,03",2025-03-10 10:23:00,RAIA DROGASIL S/A,Salvador,61585865148655,ALPHAVILLE I,BA,2910800,29
7896004774244,LEITE NINHO INTEGRAL,"R$ 21,99",2025-03-10 10:23:28,DOMI FARMA,Salvador,19352385000265,PERIPERI,BA,2927408,29
7896004774244,LEITE NINHO INTEGRAL,"R$ 21,99",2025-03-10 10:23:52,DOMI FARMA,Salvador,19352385000265,PERIPERI,BA,2910800,29
7892840808020,REPELENTE XO,"R$ 3,99",2025-03-10 10:24:21,MAXXI BONOCO,Itaparica,93209765049124,BOM DESPACHO,BA,2927408,29
7892840808020,REPELENTE XO,"R$ 3,99",2025-03-10 10:25:10,MAXXI BONOCO,Itaparica,93209765049124,BOM DESPACHO,BA,2910800,29
7899547505085,REPELENTE OFF,"R$ 13,98",2025-03-10 10:25:25,FARMACIA PRECO POPULAR,Salvador,44403915000466,CAMINHO DE AREIA,BA,2927408,29
7896004714158,NINHO FASES,"R$ 22,40",2025-03-10 10:25:37,DROGARIAS MEGA DESCONTAO,Salvador,19147250002120,RESGATE,BA,2910800,29
7899547505085,REPELENTE OFF,"R$ 13,98",2025-03-10 10:26:55,FARMACIA PRECO POPULAR,Salvador,44403915000466,CAMINHO DE AREIA,BA,2910800,29
7896306612817,PAMPERS FRALDA,"R$ 2,74",2025-03-10 10:27:19,FILIAL 130,Salvador,776574127733,HORTO BELA VISTA,BA,2927408,29
7898956544357,PROT SOLAR SUNDOWN,"R$ 50,64",2025-03-10 10:28:17,RAIA DROGASIL S/A,Salvador,61585865148655,ALPHAVILLE I,BA,2927408,29
7896306612817,PAMPERS FRALDA,"R$ 2,74",2025-03-10 10:28:18,FILIAL 130,Salvador,776574127733,HORTO BELA VISTA,BA,2910800,29
7891268402025,NAN SUPREME,"R$ 29,60",2025-03-10 10:29:33,RAIA DROGASIL S/A,Salvador,61585865189840,PITUACU,BA,2910800,29
7891268402025,NAN SUPREME,"R$ 29,60",2025-03-10 10:29:59,RAIA DROGASIL S/A,Salvador,61585865189840,PITUACU,BA,2927408,29
7891721010026,FORMULA INF,"R$ 16,15",2025-03-10 10:32:15,FARMACIA PAGUE MENOS,Salvador,6626253127496,GRACA,BA,2910800,29
7891721010026,FORMULA INF,"R$ 16,15",2025-03-10 10:32:21,FARMACIA PAGUE MENOS,Salvador,6626253127496,GRACA,BA,2927408,29
7891058022778,FRALDA BABYSEC,"R$ 56,01",2025-03-10 10:32:57,FARMACIA PAGUE MENOS,Salvador,6626253111905,PATAMARES,BA,2927408,29
7891058022778,FRALDA BABYSEC,"R$ 56,01",2025-03-10 10:32:58,FARMACIA PAGUE MENOS,Salvador,6626253111905,PATAMARES,BA,2910800,29
7896206402396,BABYSEC,"R$ 238,03",2025-03-10 10:33:16,FARMACIAS PAGUE MENOS,Salvador,6626253017208,MATATU,BA,2927408,29
7896206402396,BABYSEC,"R$ 238,03",2025-03-10 10:33:35,FARMACIAS PAGUE MENOS,Salvador,6626253017208,MATATU,BA,2910800,29
7896523215273,FRALDA TURMA DA,"R$ 6,23",2025-03-10 10:33:48,RAIA DROGASIL S/A,Salvador,61585865203265,ONDINA,BA,2927408,29
7898148291984,FR GERIAT,"R$ 12,45",2025-03-10 10:35:33,DROGARIAS HIPER ECONOMICAS,Salvador,3613918002814,FAZENDA GRANDE II,BA,2927408,29
7896523215273,FRALDA TURMA DA,"R$ 6,23",2025-03-10 10:36:06,RAIA DROGASIL S/A,Salvador,61585865203265,ONDINA,BA,2910800,29
7899706192057,FRALDA MAMYPOKO,"R$ 59,19",2025-03-10 10:37:24,FARMACIA PAGUE MENOS,Salvador,6626253015507,GRACA,BA,2910800,29
7899706192057,FRALDA MAMYPOKO,"R$ 59,19",2025-03-10 10:37:45,FARMACIA PAGUE MENOS,Salvador,6626253015507,GRACA,BA,2927408,29
7898700411720,FRALDA CONFORT MASTER,"R$ 7,49",2025-03-10 10:38:32,FARMACIAS PRECO POPULAR,Salvador,44403915000202,CAJAZEIRAS VIII,BA,2910800,29
7898148291984,FR GERIAT,"R$ 12,45",2025-03-10 10:39:16,DROGARIAS HIPER ECONOMICAS,Salvador,3613918002814,FAZENDA GRANDE II,BA,2910800,29
7896422518987,VITAFOR COENZIMA,"R$ 34,18",2025-03-10 10:39:23,RAIA DROGASIL S/A,Salvador,61585865159428,GRACA,BA,2927408,29
7898700411720,FRALDA CONFORT MASTER,"R$ 7,49",2025-03-10 10:39:34,FARMACIAS PRECO POPULAR,Salvador,44403915000202,CAJAZEIRAS VIII,BA,2927408,29
7896422518987,VITAFOR COENZIMA,"R$ 34,18",2025-03-10 10:39:59,RAIA DROGASIL S/A,Salvador,61585865159428,GRACA,BA,2910800,29
7896523220598,VITAFOR OMEGA 3,"R$ 0,11",2025-03-10 10:40:20,RAIA DROGASIL S/A,Salvador,61585865227954,PITUBA,BA,2927408,29
7899700803027,NESTONUTRI,"R$ 25,99",2025-03-10 10:40:31,DELICIAS & MERCATO,Salvador,57145325000180,PERNAMBUES,BA,2910800,29
7896523220598,VITAFOR OMEGA 3,"R$ 0,11",2025-03-10 10:40:38,RAIA DROGASIL S/A,Salvador,61585865227954,PITUBA,BA,2910800,29
7897595605924,SOLUCAO FISIOLOGICA,"R$ 28,90",2025-03-10 10:41:05,FARMACIA STAR BEM,Salvador,8312152000131,AGUAS CLARAS,BA,2927408,29
7897595605924,SOLUCAO FISIOLOGICA,"R$ 28,90",2025-03-10 10:41:25,FARMACIA STAR BEM,Salvador,8312152000131,AGUAS CLARAS,BA,2910800,29
8712400806510,NUTREN SENIOR,"R$ 162,99",2025-03-10 10:42:16,FARMACIAS PAGUE MENOS,Salvador,6626253062858,PITUBA,BA,2927408,29
8712400806510,NUTREN SENIOR,"R$ 162,99",2025-03-10 10:42:41,FARMACIAS PAGUE MENOS,Salvador,6626253062858,PITUBA,BA,2910800,29
7898958086015,COLIRIO,"R$ 44,99",2025-03-10 10:42:54,FARMA NOVA,Salvador,27603039000230,SANTA CRUZ,BA,2927408,29
7898958086015,COLIRIO,"R$ 44,99",2025-03-10 10:43:35,FARMA NOVA,Salvador,27603039000230,SANTA CRUZ,BA,2910800,29
7899547510911,HYABAK COL,"R$ 24,67",2025-03-10 10:44:30,FARMACIAS PRECO POPULAR,Salvador,44403915000202,CAJAZEIRAS VIII,BA,2927408,29
7899547510911,HYABAK COL,"R$ 24,67",2025-03-10 10:45:15,FARMACIAS PRECO POPULAR,Salvador,44403915000202,CAJAZEIRAS VIII,BA,2910800,29
7891000249246,OPTIVE COL,"R$ 5,23",2025-03-10 10:45:31,BROTAS ESQUINA LTDA,Salvador,50145161000141,BROTAS,BA,2927408,29
7891000249246,OPTIVE COL,"R$ 5,23",2025-03-10 10:45:42,BROTAS ESQUINA LTDA,Salvador,50145161000141,BROTAS,BA,2910800,29
7896676435672,LACRIFILM COL,"R$ 45,23",2025-03-10 10:46:01,FARMACIA PAGUE MENOS,Salvador,6626253014373,PITUBA,BA,2910800,29
7896676435672,LACRIFILM COL,"R$ 45,23",2025-03-10 10:47:40,FARMACIA PAGUE MENOS,Salvador,6626253014373,PITUBA,BA,2927408,29
7899547531213,NESTOGENO,"R$ 8,98",2025-03-10 10:48:20,FARMACIAS PRECO POPULAR,Salvador,40541021000309,BARRIS,BA,2927408,29
7896023717369,BEDOZE,"R$ 59,87",2025-03-10 10:48:47,FARMA SAUDEVITAL,Vera Cruz,15748251000126,MAR GRANDE,BA,2910800,29
7896023717369,BEDOZE,"R$ 59,87",2025-03-10 10:48:47,FARMA SAUDEVITAL,Vera Cruz,15748251000126,MAR GRANDE,BA,2927408,29
7899547531213,NESTOGENO,"R$ 8,98",2025-03-10 10:49:24,FARMACIAS PRECO POPULAR,Salvador,40541021000309,BARRIS,BA,2910800,29
7896004768687,BIOENERGIN C+ZINCO,"R$ 11,99",2025-03-10 10:49:56,FARMACIA PRECO BAIXO,Salvador,19741241000381,SAO CAETANO,BA,2910800,29
7890282800015,MECOBE,"R$ 21,45",2025-03-10 10:50:20,FARMA SAUDEVITAL,Vera Cruz,15748251000126,MAR GRANDE,BA,2927408,29
7896004768687,BIOENERGIN C+ZINCO,"R$ 11,99",2025-03-10 10:50:45,FARMACIA PRECO BAIXO,Salvador,19741241000381,SAO CAETANO,BA,2927408,29
7896311710331,INALADOR,"R$ 6,65",2025-03-10 10:51:03,MATHEUS SUPLEMENTOS,Salvador,57515169000100,CAMINHO DAS ARVORES,BA,2910800,29
7896311710331,INALADOR,"R$ 6,65",2025-03-10 10:51:04,MATHEUS SUPLEMENTOS,Salvador,57515169000100,CAMINHO DAS ARVORES,BA,2927408,29
7899547503647,NOVOLIN,"R$ 27,19",2025-03-10 10:51:52,RAIA DROGASIL S/A,Salvador,61585865107118,JARDIM APIPEMA,BA,2910800,29
7899547503647,NOVOLIN,"R$ 27,19",2025-03-10 10:51:54,RAIA DROGASIL S/A,Salvador,61585865107118,JARDIM APIPEMA,BA,2927408,29
7890282800015,MECOBE,"R$ 21,45",2025-03-10 10:52:25,FARMA SAUDEVITAL,Vera Cruz,15748251000126,MAR GRANDE,BA,2910800,29
7897947601857,SAXENDA,"R$ 19,99",2025-03-10 10:53:13,FARMACIAS NOVA FARMA LTDA,Salvador,42076434000115,PATAMARES,BA,2927408,29
7897917000826,AVAMYS,"R$ 6,99",2025-03-10 10:53:31,DOMI FARMA,Salvador,19352385000850,FAZENDA GRANDE DO RETIRO,BA,2927408,29
7897917000826,AVAMYS,"R$ 6,99",2025-03-10 10:54:10,DOMI FARMA,Salvador,19352385000850,FAZENDA GRANDE DO RETIRO,BA,2910800,29
7896641810695,NISTATINA+OXIDO ZINC,"R$ 10,98",2025-03-10 10:55:14,FARMACIA PAGUE MENOS,Salvador,6626253110763,RIO VERMELHO,BA,2927408,29
7896641810695,NISTATINA+OXIDO ZINC,"R$ 10,98",2025-03-10 10:55:14,FARMACIA PAGUE MENOS,Salvador,6626253110763,RIO VERMELHO,BA,2910800,29
7897947601857,SAXENDA,"R$ 19,99",2025-03-10 10:55:54,FARMACIAS NOVA FARMA LTDA,Salvador,42076434000115,PATAMARES,BA,2910800,29
3401345935571,SONRIDOR,"R$ 108,99",2025-03-10 10:55:57,RAIA DROGASIL S/A,Salvador,61585865107207,BROTAS,BA,2927408,29
3401345935571,SONRIDOR,"R$ 108,99",2025-03-10 10:56:22,RAIA DROGASIL S/A,Salvador,61585865107207,BROTAS,BA,2910800,29
7897572020306,PROLIA,"R$ 114,29",2025-03-10 10:56:24,EXTRAFARMA,Salvador,4899316048900,CAMINHO DAS ARVORES,BA,2927408,29
7897572020306,PROLIA,"R$ 114,29",2025-03-10 10:56:53,EXTRAFARMA,Salvador,4899316048900,CAMINHO DAS ARVORES,BA,2910800,29
7898934966454,ALICATE CUT,"R$ 9,48",2025-03-10 10:57:35,FARMACIA ULTRA ECONOMICA,Salvador,13207048002675,PITUBA,BA,2927408,29
7898934966454,ALICATE CUT,"R$ 9,48",2025-03-10 10:58:12,FARMACIA ULTRA ECONOMICA,Salvador,13207048002675,PITUBA,BA,2910800,29
7896094912298,OSCAL D,"R$ 2,63",2025-03-10 10:58:32,FARMACIA PAGUE MENOS,Salvador,6626253016155,CANELA,BA,2927408,29
7896004747057,ATAK CLAV,"R$ 42,90",2025-03-10 10:58:35,DROGARIAS DO TIO,Salvador,31548393000104,BOCA DO RIO,BA,2927408,29
7896094912298,OSCAL D,"R$ 2,63",2025-03-10 10:58:43,FARMACIA PAGUE MENOS,Salvador,6626253016155,CANELA,BA,2910800,29
7896004747057,ATAK CLAV,"R$ 42,90",2025-03-10 10:59:48,DROGARIAS DO TIO,Salvador,31548393000104,BOCA DO RIO,BA,2910800,29
7898301056740,ENTEROGERMINA,"R$ 59,99",2025-03-10 10:59:50,DROGARIAS MEGA DESCONTAO,Salvador,19147250001906,BOCA DO RIO,BA,2910800,29
7898301056740,ENTEROGERMINA,"R$ 59,99",2025-03-10 10:59:51,DROGARIAS MEGA DESCONTAO,Salvador,19147250001906,BOCA DO RIO,BA,2927408,29
7897076915474,SIMETICONA,"R$ 13,90",2025-03-10 11:00:14,OPCAO FARMA,Salvador,10373327000162,PIRAJA,BA,2910800,29
7897076915474,SIMETICONA,"R$ 13,90",2025-03-10 11:00:19,OPCAO FARMA,Salvador,10373327000162,PIRAJA,BA,2927408,29
7899095204386,ABRILAR,"R$ 65,02",2025-03-10 11:02:57,FARMACIA PRECO POPULAR,Salvador,44403915000466,CAMINHO DE AREIA,BA,2927408,29
7899095204386,ABRILAR,"R$ 65,02",2025-03-10 11:03:03,FARMACIA PRECO POPULAR,Salvador,44403915000466,CAMINHO DE AREIA,BA,2910800,29
7891158100901,VICK VAPORUB,"R$ 147,99",2025-03-10 11:03:14,RAIA DROGASIL S/A,Salvador,61585865196382,VITORIA,BA,2910800,29
7891158100901,VICK VAPORUB,"R$ 147,99",2025-03-10 11:03:59,RAIA DROGASIL S/A,Salvador,61585865196382,VITORIA,BA,2927408,29
7891317021757,ON CALL PLUS,"R$ 56,26",2025-03-10 11:04:08,IMIFARMA PRODUTOS FARMACEUTICOS E COSMETICOS SA,Salvador,4899316052932,PITUBA,BA,2927408,29
7896004711768,NUTRIDRINK,"R$ 10,99",2025-03-10 11:04:22,FARMACIAS MULTI POPULAR,Salvador,36081851000153,CASTELO BRANCO,BA,2927408,29
7896004711768,NUTRIDRINK,"R$ 10,99",2025-03-10 11:05:21,FARMACIAS MULTI POPULAR,Salvador,36081851000153,CASTELO BRANCO,BA,2910800,29
7891317021757,ON CALL PLUS,"R$ 56,26",2025-03-10 11:05:38,IMIFARMA PRODUTOS FARMACEUTICOS E COSMETICOS SA,Salvador,4899316052932,PITUBA,BA,2910800,29
7896094927285,NESINA,"R$ 97,11",2025-03-10 11:07:59,RAIA DROGASIL SA,Salvador,61585865275681,PAU DA LIMA,BA,2927408,29
7896094927285,NESINA,"R$ 97,11",2025-03-10 11:08:32,RAIA DROGASIL SA,Salvador,61585865275681,PAU DA LIMA,BA,2910800,29
7897076910929,VENAFLON,"R$ 16,40",2025-03-10 11:08:48,RAIA DROGASIL S/A,Salvador,61585865259139,SAO CAETANO,BA,2910800,29
4005900396938,AGUA MINERAL CRYSTAL,"R$ 8,98",2025-03-10 11:09:03,REDEMIX,Salvador,6337087001145,ONDINA,BA,2927408,29
7897076910929,VENAFLON,"R$ 16,40",2025-03-10 11:09:06,RAIA DROGASIL S/A,Salvador,61585865259139,SAO CAETANO,BA,2927408,29
7896112422150,INZELM,"R$ 106,16",2025-03-10 11:10:27,RAIA DROGASIL S/A,Salvador,61585865259139,SAO CAETANO,BA,2910800,29
7908699000383,MILNUTRI,"R$ 88,99",2025-03-10 11:10:31,FARMASAUDE,Salvador,17380013000136,VALERIA,BA,2927408,29
7908699000383,MILNUTRI,"R$ 88,99",2025-03-10 11:10:55,FARMASAUDE,Salvador,17380013000136,VALERIA,BA,2910800,29
7896112422150,INZELM,"R$ 106,16",2025-03-10 11:10:58,RAIA DROGASIL S/A,Salvador,61585865259139,SAO CAETANO,BA,2927408,29
7896273800033,GLUCERNA,"R$ 8,75",2025-03-10 11:11:51,ATAKAREJO DISTRIBUIDOR DE ALIMENTOS E BEBIDAS S.A,Salvador,73849952004579,IAPI,BA,2927408,29
7897732609242,DES DOVE AERO,"R$ 11,99",2025-03-10 11:12:07,FARMACIA ULTRA ECONOMICA,Salvador,13207048002675,PITUBA,BA,2927408,29
7896273800033,GLUCERNA,"R$ 8,75",2025-03-10 11:13:40,ATAKAREJO DISTRIBUIDOR DE ALIMENTOS E BEBIDAS S.A,Salvador,73849952004579,IAPI,BA,2910800,29
7898054580363,TAXA DE ENTREGA,"R$ 530,11",2025-03-10 11:13:50,RAIA DROGASIL S/A,Salvador,61585865281223,IMBUI,BA,2927408,29
7898054580363,TAXA DE ENTREGA,"R$ 530,11",2025-03-10 11:14:05,RAIA DROGASIL S/A,Salvador,61585865281223,IMBUI,BA,2910800,29
7896007552474,ACEBROFILINA,"R$ 29,99",2025-03-10 11:14:07,FARMACIAS COMPRE BEM,Salvador,47250092000121,CAIXA D'AGUA,BA,2927408,29
7896007552474,ACEBROFILINA,"R$ 29,99",2025-03-10 11:14:55,FARMACIAS COMPRE BEM,Salvador,47250092000121,CAIXA D'AGUA,BA,2910800,29
7891317003647,ACECLOFENACO,"R$ 30,98",2025-03-10 11:15:16,RAIA DROGASIL S/A,Salvador,61585865204407,PITUBA,BA,2927408,29
7896862920029,ACETILCISTEÍNA,"R$ 8,99",2025-03-10 11:15:38,DROGARIAS DO TIO,Salvador,31548393000449,GRANJAS RURAIS PRESIDENTE VARGAS,BA,2927408,29
7896862920029,ACETILCISTEÍNA,"R$ 8,99",2025-03-10 11:15:57,DROGARIAS DO TIO,Salvador,31548393000449,GRANJAS RURAIS PRESIDENTE VARGAS,BA,2910800,29
7891317003647,ACECLOFENACO,"R$ 30,98",2025-03-10 11:16:08,RAIA DROGASIL S/A,Salvador,61585865204407,PITUBA,BA,2910800,29
7898031310303,ADAPALENO,"R$ 4,59",2025-03-10 11:16:57,FARMACIAS PRECO POPULAR,Salvador,44403915000202,CAJAZEIRAS VIII,BA,2910800,29
7898031310303,ADAPALENO,"R$ 4,59",2025-03-10 11:17:15,FARMACIAS PRECO POPULAR,Salvador,44403915000202,CAJAZEIRAS VIII,BA,2927408,29
7896004700991,ALPRAZOLAM,"R$ 189,90",2025-03-10 11:19:35,'FARMACIA RIO VERMELHO',Salvador,4937543000190,RIO VERMELHO,BA,2910800,29
7894916341301,AMBROXOL,"R$ 89,99",2025-03-10 11:19:43,DOMI FARMA,Salvador,19352385000508,SUSSUARANA,BA,2927408,29
7896004700991,ALPRAZOLAM,"R$ 189,90",2025-03-10 11:20:22,'FARMACIA RIO VERMELHO',Salvador,4937543000190,RIO VERMELHO,BA,2927408,29
7894916341301,AMBROXOL,"R$ 89,99",2025-03-10 11:20:28,DOMI FARMA,Salvador,19352385000508,SUSSUARANA,BA,2910800,29
7891010974312,AMINOFILINA,"R$ 15,90",2025-03-10 11:21:22,SENDAS DISTRIBUIDORA S/A,Salvador,6057223036109,URUGUAI,BA,2927408,29
7891010974312,AMINOFILINA,"R$ 15,90",2025-03-10 11:21:29,SENDAS DISTRIBUIDORA S/A,Salvador,6057223036109,URUGUAI,BA,2910800,29
7896004720746,AMIODARONA,"R$ 29,99",2025-03-10 11:21:39,DROGARIA GLOBO,Salvador,63503007011180,CAMINHO DAS ARVORES,BA,2927408,29
7896004720746,AMIODARONA,"R$ 29,99",2025-03-10 11:22:08,DROGARIA GLOBO,Salvador,63503007011180,CAMINHO DAS ARVORES,BA,2910800,29
7895144603087,AMITRIPTILINA,"R$ 2,29",2025-03-10 11:22:34,MERCADO PARAISO,Salvador,48531014000168,PAU DA LIMA,BA,2910800,29
7895144603087,AMITRIPTILINA,"R$ 2,29",2025-03-10 11:22:50,MERCADO PARAISO,Salvador,48531014000168,PAU DA LIMA,BA,2927408,29
7896004711874,ANASTROZOL,"R$ 17,25",2025-03-10 11:23:46,FARMACIAS ZERO HORA,Salvador,3613918002903,SAO CAETANO,BA,2927408,29
7896004711874,ANASTROZOL,"R$ 17,25",2025-03-10 11:24:03,FARMACIAS ZERO HORA,Salvador,3613918002903,SAO CAETANO,BA,2910800,29
7896382707742,APIXABANA,"R$ 289,59",2025-03-10 11:24:22,RAIA DROGASIL S/A,Salvador,61585865057340,PITUBA,BA,2910800,29
7898927980023,ARIPIPRAZOL,"R$ 39,90",2025-03-10 11:25:15,FARMACIA ANITA LTDA,Salvador,3483926000173,PERIPERI,BA,2927408,29
7896382707742,APIXABANA,"R$ 289,59",2025-03-10 11:25:51,RAIA DROGASIL S/A,Salvador,61585865057340,PITUBA,BA,2927408,29
7891058019365,ATENOLOL,"R$ 18,03",2025-03-10 11:26:12,FARMACIA MULT ECONOMICA,Salvador,31459361000124,SAO MARCOS,BA,2927408,29
7891058019365,ATENOLOL,"R$ 18,03",2025-03-10 11:26:51,FARMACIA MULT ECONOMICA,Salvador,31459361000124,SAO MARCOS,BA,2910800,29
7896094903104,ATORVASTATINA,"R$ 7,91",2025-03-10 11:27:19,CAVALCANTE PIRES COMERCIO LTDA,Salvador,96767405000471,FEDERACAO,BA,2927408,29
7898927980023,ARIPIPRAZOL,"R$ 39,90",2025-03-10 11:27:26,FARMACIA ANITA LTDA,Salvador,3483926000173,PERIPERI,BA,2910800,29
7896472502776,AZITROMICINA,"R$ 14,99",2025-03-10 11:27:34,REDE DE FARMACIAS DO POVO LTDA,Vera Cruz,37234477001970,MAR GRANDE,BA,2927408,29
7896094903104,ATORVASTATINA,"R$ 7,91",2025-03-10 11:27:43,CAVALCANTE PIRES COMERCIO LTDA,Salvador,96767405000471,FEDERACAO,BA,2910800,29
7896472502776,AZITROMICINA,"R$ 14,99",2025-03-10 11:28:06,REDE DE FARMACIAS DO POVO LTDA,Vera Cruz,37234477001970,MAR GRANDE,BA,2910800,29
7897947612358,BACITRACINA,"R$ 25,79",2025-03-10 11:28:29,FARMACIA PAGUE MENOS,Salvador,6626253028676,URUGUAI,BA,2927408,29
7897947612358,BACITRACINA,"R$ 25,79",2025-03-10 11:28:41,FARMACIA PAGUE MENOS,Salvador,6626253028676,URUGUAI,BA,2910800,29
88300162505,BACLOFENO,"R$ 583,92",2025-03-10 11:29:14,LOJAS RIACHUELO,Salvador,33200056035791,BARRA,BA,2910800,29
88300162505,BACLOFENO,"R$ 583,92",2025-03-10 11:29:20,LOJAS RIACHUELO,Salvador,33200056035791,BARRA,BA,2927408,29
7899095203655,BECLOMETASONA,"R$ 10,98",2025-03-10 11:29:35,FARMACIA PRECO POPULAR,Salvador,44403915000466,CAMINHO DE AREIA,BA,2910800,29
7899095203655,BECLOMETASONA,"R$ 10,98",2025-03-10 11:29:35,FARMACIA PRECO POPULAR,Salvador,44403915000466,CAMINHO DE AREIA,BA,2927408,29
7896004711416,BETAISTINA,"R$ 28,11",2025-03-10 11:29:48,DROGARIA GLOBO,Salvador,63503007007663,DOIS DE JULHO,BA,2927408,29
7896004711416,BETAISTINA,"R$ 28,11",2025-03-10 11:30:08,DROGARIA GLOBO,Salvador,63503007007663,DOIS DE JULHO,BA,2910800,29
7894916512107,BETAMETASONA,"R$ 19,31",2025-03-10 11:30:46,FARMACIA PAGUE MENOS,Salvador,6626253127496,GRACA,BA,2927408,29
7894916512107,BETAMETASONA,"R$ 19,31",2025-03-10 11:30:49,FARMACIA PAGUE MENOS,Salvador,6626253127496,GRACA,BA,2910800,29
7896004769196,BICALUTAMIDA,"R$ 2,99",2025-03-10 11:31:37,FARMACIA ULTRA ECONOMICA,Salvador,13207048004023,BARRIS,BA,2927408,29
7896004769196,BICALUTAMIDA,"R$ 2,99",2025-03-10 11:31:53,FARMACIA ULTRA ECONOMICA,Salvador,13207048004023,BARRIS,BA,2910800,29
7891058002589,BILASTINA,"R$ 22,10",2025-03-10 11:32:08,DROGASIL,Salvador,61585865277706,PIATA,BA,2927408,29
7891058002589,BILASTINA,"R$ 22,10",2025-03-10 11:32:24,DROGASIL,Salvador,61585865277706,PIATA,BA,2910800,29
7898639693570,BRIMONIDINA,"R$ 53,99",2025-03-10 11:33:59,DROGARIAS MEGA DESCONTAO,Salvador,19147250002201,BROTAS,BA,2927408,29
7898639693570,BRIMONIDINA,"R$ 53,99",2025-03-10 11:34:10,DROGARIAS MEGA DESCONTAO,Salvador,19147250002201,BROTAS,BA,2910800,29
7891317132453,BROMAZEPAM,"R$ 100,58",2025-03-10 11:34:28,DROGARIAS HIPER ECONOMICAS,Salvador,3613918002814,FAZENDA GRANDE II,BA,2927408,29
7891317132453,BROMAZEPAM,"R$ 100,58",2025-03-10 11:35:29,DROGARIAS HIPER ECONOMICAS,Salvador,3613918002814,FAZENDA GRANDE II,BA,2910800,29
7896015517069,BROMEXINA,"R$ 4,20",2025-03-10 11:35:34,RAIA DROGASIL S/A,Salvador,61585865259139,SAO CAETANO,BA,2910800,29
7896015517069,BROMEXINA,"R$ 4,20",2025-03-10 11:35:55,RAIA DROGASIL S/A,Salvador,61585865259139,SAO CAETANO,BA,2927408,29
7622210596413,BROMOPRIDA,"R$ 7,99",2025-03-10 11:36:19,ATACADAO,Salvador,93209765069664,PITUBA,BA,2927408,29
7899547514322,BUDESONIDA,"R$ 39,69",2025-03-10 11:36:47,DROGARIAS MEGA DESCONTAO,Salvador,19147250001744,LIBERDADE,BA,2910800,29
7622210596413,BROMOPRIDA,"R$ 7,99",2025-03-10 11:36:55,ATACADAO,Salvador,93209765069664,PITUBA,BA,2910800,29
7899547514322,BUDESONIDA,"R$ 39,69",2025-03-10 11:37:13,DROGARIAS MEGA DESCONTAO,Salvador,19147250001744,LIBERDADE,BA,2927408,29
